CSPID,CaseId,CaseStageId,CaseProcessId,CaseSubProcessId,CaseSubSubProcessId,LevelName1,LevelName2,ShowYesNo,CaseStageLevelName,LevelType,CreatedBy,CreatedDate,ModifiedBy,ModifiedDate,IsActive,left_check,right_check,left_value,right_value,CateID
1,1,1,1,1,NULL,Yes,No,NULL,None,"Combo Box",NULL,"2019-02-26 08:52:26",NULL,NULL,yes,0,0,NULL,NULL,NULL
2,1,1,1,1,NULL,Yes,No,,"Ligament Reconstruction",1,NULL,"2019-01-16 04:33:42",NULL,NULL,yes,0,0,NULL,NULL,NULL
3,1,1,1,1,NULL,Yes,No,NULL,Synovectomy,1,NULL,"2019-02-26 19:55:11",NULL,NULL,yes,0,0,NULL,NULL,NULL
4,1,1,1,1,NULL,Yes,No,,Osteotomy,1,NULL,"2019-01-16 04:29:17",NULL,NULL,yes,0,0,NULL,NULL,NULL
5,1,1,1,1,NULL,Yes,No,,"Internal Fixation",1,NULL,"2019-01-16 04:29:31",NULL,NULL,yes,0,0,NULL,NULL,NULL
6,1,1,1,1,NULL,Yes,No,,Others,"Selection and text",NULL,"2019-01-16 04:29:49",NULL,NULL,yes,0,0,NULL,NULL,NULL
7,1,1,1,2,NULL,Yes,No,NULL,None,"Combo Box",NULL,"2019-02-26 19:45:42",NULL,NULL,yes,0,0,NULL,NULL,NULL
8,1,1,1,2,NULL,Yes,No,NULL,"Number of Scars","Text Box",NULL,"2019-02-26 19:46:56",NULL,NULL,yes,0,0,NULL,NULL,NULL
9,1,1,1,2,NULL,Yes,No,,"Length of Scar","Text Box",NULL,"2018-12-05 18:34:58",NULL,NULL,yes,0,0,NULL,NULL,NULL
10,1,1,1,2,NULL,Yes,No,,"Healing Status","Text Box",NULL,"2018-12-05 18:34:58",NULL,NULL,yes,0,0,NULL,NULL,NULL
11,1,1,1,3,NULL,,,,Degrees,"Multi Input",NULL,"2019-01-16 04:43:45",NULL,NULL,yes,0,0,NULL,NULL,NULL
12,1,1,1,5,NULL,,,,Normal,"Combo Box",NULL,"2019-01-15 14:58:38",NULL,NULL,yes,0,0,NULL,NULL,NULL
13,1,1,1,5,NULL,,,NULL,"Restricted ROM",1,NULL,"2019-02-26 19:57:07",NULL,NULL,yes,0,0,NULL,NULL,NULL
14,1,1,1,5,NULL,,,NULL,"Painful ROM",1,NULL,"2019-02-26 19:57:37",NULL,NULL,yes,0,0,NULL,NULL,NULL
15,1,1,1,5,NULL,,,,"Fixed Deformity","Selection and text",NULL,"2019-01-15 15:01:35",NULL,NULL,yes,0,0,NULL,NULL,NULL
16,1,1,1,5,NULL,,,,Shortening,"Selection and text",NULL,"2019-01-15 15:02:02",NULL,NULL,yes,0,0,NULL,NULL,NULL
17,1,1,1,6,NULL,,,,Normal,"Combo Box",NULL,"2019-01-15 15:01:05",NULL,NULL,yes,0,0,NULL,NULL,NULL
18,1,1,1,6,NULL,Yes,No,NULL,PIVD,1,NULL,"2019-02-26 19:58:52",NULL,NULL,yes,0,0,NULL,NULL,NULL
19,1,1,1,6,NULL,Yes,No,NULL,Scoliosis,1,NULL,"2019-02-26 19:59:11",NULL,NULL,yes,0,0,NULL,NULL,NULL
20,1,3,10,42,NULL,,,NULL,"Cruciate Retaining","Combo Box",NULL,"2019-02-26 20:08:13",NULL,NULL,yes,0,0,NULL,NULL,NULL
21,1,1,1,6,NULL,Yes,No,NULL,"Osteoporotic Collapse of vertebral body",1,NULL,"2019-02-26 19:59:55",NULL,NULL,yes,0,0,NULL,NULL,NULL
22,1,1,1,7,NULL,Yes,No,,Normal,"Combo Box",NULL,"2018-12-08 14:53:56",NULL,NULL,yes,0,0,NULL,NULL,NULL
23,1,1,1,7,NULL,Yes,No,NULL,Deformed,1,NULL,"2019-02-26 20:00:25",NULL,NULL,yes,0,0,NULL,NULL,NULL
24,1,1,1,8,NULL,,,NULL,Normal,"Combo Box",NULL,"2019-02-26 20:02:04",NULL,NULL,yes,0,0,NULL,NULL,NULL
25,1,1,1,8,NULL,Yes,No,,"Quadriceps Weakness","Combo Box",NULL,"2018-12-06 07:41:24",NULL,NULL,yes,0,0,NULL,NULL,NULL
26,1,1,1,8,NULL,Yes,No,,"Varicose Veins","Combo Box",NULL,"2018-12-06 07:41:24",NULL,NULL,yes,0,0,NULL,NULL,NULL
27,1,1,1,8,NULL,Yes,No,,"Peripheral Vascular Disease","Combo Box",NULL,"2018-12-06 07:42:14",NULL,NULL,yes,0,0,NULL,NULL,NULL
28,1,1,1,8,NULL,Yes,No,,Others,"Selection and text",NULL,"2018-12-06 07:42:38",NULL,NULL,yes,0,0,NULL,NULL,NULL
29,1,3,10,41,NULL,,,,Cemented,"Combo Box",NULL,"2019-01-04 16:26:39",NULL,NULL,yes,0,0,NULL,NULL,NULL
30,1,3,10,41,NULL,,,,Uncemented,1,NULL,"2019-01-04 16:28:27",NULL,NULL,yes,0,0,NULL,NULL,NULL
31,1,3,10,41,NULL,,,,Hybrid,1,NULL,"2019-01-04 16:24:57",NULL,NULL,yes,0,0,NULL,NULL,NULL
32,1,3,10,43,5,,,,"Stryker NRG",1,NULL,"2019-01-15 04:16:56",NULL,NULL,yes,0,0,NULL,NULL,NULL
33,1,3,10,43,5,,,,"Stryker Classic",1,NULL,"2019-01-15 04:17:30",NULL,NULL,yes,0,0,NULL,NULL,NULL
34,1,3,10,43,5,Yes,No,,"Stryker Triathlon",1,NULL,"2019-01-04 18:18:20",NULL,NULL,yes,0,0,NULL,NULL,NULL
35,1,3,10,43,5,Yes,No,,"Maxx Freedom","Combo Box",NULL,"2019-01-16 04:50:46",NULL,NULL,yes,0,0,NULL,NULL,NULL
36,1,3,10,43,5,Yes,No,,"Maxx Destiknee",1,NULL,"2019-01-04 18:18:59",NULL,NULL,yes,0,0,NULL,NULL,NULL
37,1,3,10,43,5,Yes,No,,"Maxx Opulent",1,NULL,"2019-01-04 18:19:19",NULL,NULL,yes,0,0,NULL,NULL,NULL
38,1,3,10,43,5,Yes,No,,"Zimmer Persona",1,NULL,"2019-01-04 18:19:46",NULL,NULL,yes,0,0,NULL,NULL,NULL
39,1,3,10,43,5,Yes,No,,"Zimmer Nexgen",1,NULL,"2019-01-04 18:20:06",NULL,NULL,yes,0,0,NULL,NULL,NULL
40,1,3,10,43,5,Yes,No,,"Biomet Vanguard",1,NULL,"2019-01-04 18:20:29",NULL,NULL,yes,0,0,NULL,NULL,NULL
41,1,3,10,43,5,Yes,No,,"Biomet Oxford",1,NULL,"2019-01-04 18:20:56",NULL,NULL,yes,0,0,NULL,NULL,NULL
42,1,3,10,43,5,Yes,No,,"Smith & Nephew Journey",1,NULL,"2019-01-04 18:21:16",NULL,NULL,yes,0,0,NULL,NULL,NULL
43,1,3,10,43,5,Yes,No,,"Smith & Nephew Anthem",1,NULL,"2019-01-04 18:26:50",NULL,NULL,yes,0,0,NULL,NULL,NULL
44,1,3,10,43,5,Yes,No,,"Depuy PFC",1,NULL,"2019-01-04 18:27:23",NULL,NULL,yes,0,0,NULL,NULL,NULL
45,1,3,10,43,5,Yes,No,,"Depuy Attune",1,NULL,"2019-01-04 18:27:45",NULL,NULL,yes,0,0,NULL,NULL,NULL
46,1,3,10,43,5,,,,Others,"Text Box",NULL,"2019-01-04 18:36:48",NULL,NULL,yes,0,0,NULL,NULL,NULL
47,1,3,10,43,6,,,NULL,"Prosthesis Size","Text Box",NULL,"2019-02-27 13:40:10",NULL,NULL,yes,0,0,NULL,NULL,NULL
48,1,3,10,43,7,Yes,No,NULL,None,"Combo Box",NULL,"2019-02-27 13:41:40",NULL,NULL,yes,0,0,NULL,NULL,NULL
49,1,3,10,43,8,Yes,No,NULL,Offset,1,NULL,"2019-03-13 16:40:22",NULL,NULL,yes,0,0,NULL,NULL,NULL
50,1,3,10,43,8,Yes,No,NULL,Offset,"Text Box",NULL,"2019-02-27 13:46:28",NULL,NULL,yes,0,0,NULL,NULL,NULL
51,1,3,10,43,9,Yes,No,NULL,Size,1,NULL,"2019-03-13 16:42:15",NULL,NULL,yes,0,0,NULL,NULL,NULL
52,1,3,10,43,10,Yes,No,,5mm,1,NULL,"2019-01-04 18:29:17",NULL,NULL,yes,0,0,NULL,NULL,NULL
53,1,3,10,43,10,Yes,No,,10mm,1,NULL,"2019-01-04 18:28:46",NULL,NULL,yes,0,0,NULL,NULL,NULL
54,1,3,10,43,10,Yes,No,,15mm,1,NULL,"2019-01-04 18:28:25",NULL,NULL,yes,0,0,NULL,NULL,NULL
55,1,3,10,43,10,Yes,No,,Distal,1,NULL,"2019-01-04 18:30:28",NULL,NULL,yes,0,0,NULL,NULL,NULL
56,1,3,10,43,10,Yes,No,,Posterior,1,NULL,"2019-01-04 18:30:02",NULL,NULL,yes,0,0,NULL,NULL,NULL
57,1,3,10,43,11,Yes,No,NULL,Morsellized,1,NULL,"2019-03-13 16:43:29",NULL,NULL,yes,0,0,NULL,NULL,NULL
58,1,3,10,43,11,Yes,No,,Allograft,1,NULL,"2019-01-04 18:38:33",NULL,NULL,yes,0,0,NULL,NULL,NULL
59,1,3,10,43,11,Yes,No,,Synthetic,1,NULL,"2019-01-04 18:38:14",NULL,NULL,yes,0,0,NULL,NULL,NULL
60,1,3,10,43,11,Yes,No,,Structural,1,NULL,"2019-01-04 18:37:51",NULL,NULL,yes,0,0,NULL,NULL,NULL
61,1,3,10,43,11,Yes,No,,Morsellized,1,NULL,"2019-01-04 18:37:22",NULL,NULL,yes,0,0,NULL,NULL,NULL
62,1,3,10,43,11,Yes,No,,,1,NULL,"2019-01-04 18:39:22",NULL,NULL,yes,0,0,NULL,NULL,NULL
63,1,3,10,43,12,Yes,No,,"Palacos R","Combo Box",NULL,"2019-01-04 18:42:01",NULL,NULL,yes,0,0,NULL,NULL,NULL
64,1,3,10,43,12,Yes,No,,"Palacos R+G",1,NULL,"2019-01-04 18:40:30",NULL,NULL,yes,0,0,NULL,NULL,NULL
65,1,3,10,43,12,Yes,No,,Simplex,1,NULL,"2019-01-04 18:40:49",NULL,NULL,yes,0,0,NULL,NULL,NULL
66,1,3,10,43,12,Yes,No,,CMW,1,NULL,"2019-01-04 18:41:11",NULL,NULL,yes,0,0,NULL,NULL,NULL
67,1,3,10,43,12,Yes,No,,Copal,1,NULL,"2019-01-04 18:41:33",NULL,NULL,yes,0,0,NULL,NULL,NULL
68,1,3,10,43,12,Yes,No,,Others,1,NULL,"2019-01-04 18:22:49",NULL,NULL,yes,0,0,NULL,NULL,NULL
69,1,3,11,53,NULL,Yes,No,NULL,"Mild Anterior Notching",1,NULL,"2019-02-27 16:07:18",NULL,NULL,yes,0,0,NULL,NULL,NULL
70,1,3,11,53,NULL,Yes,No,NULL,"Severe Anterior Notching",1,NULL,"2019-02-27 16:09:20",NULL,NULL,yes,0,0,NULL,NULL,NULL
71,1,3,11,53,NULL,Yes,No,NULL,"Femur Fracture",1,NULL,"2019-02-27 16:09:39",NULL,NULL,yes,0,0,NULL,NULL,NULL
72,1,3,11,53,NULL,Yes,No,NULL,"Tibia Fracture",1,NULL,"2019-02-27 16:10:01",NULL,NULL,yes,0,0,NULL,NULL,NULL
73,1,3,11,53,NULL,Yes,No,NULL,"Patella Fracture",1,NULL,"2019-02-27 16:10:21",NULL,NULL,yes,0,0,NULL,NULL,NULL
74,1,3,11,54,NULL,,,NULL,"Partial MCL injury",1,NULL,"2019-02-27 16:08:03",NULL,NULL,yes,0,0,NULL,NULL,NULL
75,1,3,11,54,NULL,Yes,No,,"MCL Transection/Avulsion","Combo Box",NULL,"2018-12-08 15:32:46",NULL,NULL,yes,0,0,NULL,NULL,NULL
76,1,3,11,54,NULL,Yes,No,,"LCL Injury","Combo Box",NULL,"2018-12-08 15:32:46",NULL,NULL,yes,0,0,NULL,NULL,NULL
77,1,3,11,54,NULL,Yes,No,,"Popliteus Injury","Combo Box",NULL,"2018-12-08 15:32:46",NULL,NULL,yes,0,0,NULL,NULL,NULL
78,1,3,11,54,NULL,Yes,No,,"Quadriceps Injury","Combo Box",NULL,"2018-12-08 15:32:46",NULL,NULL,yes,0,0,NULL,NULL,NULL
79,1,3,11,54,NULL,Yes,No,,"Patellar Tendon Injury","Combo Box",NULL,"2018-12-08 15:32:46",NULL,NULL,yes,0,0,NULL,NULL,NULL
80,1,3,11,55,13,Yes,No,,"Wrong Side","Combo Box",NULL,"2018-12-08 15:35:26",NULL,NULL,yes,0,0,NULL,NULL,NULL
81,1,3,11,55,13,Yes,No,,Overhang,"Combo Box",NULL,"2018-12-08 15:35:26",NULL,NULL,yes,0,0,NULL,NULL,NULL
82,1,3,11,55,13,Yes,No,,Undersized,"Combo Box",NULL,"2018-12-08 15:35:26",NULL,NULL,yes,0,0,NULL,NULL,NULL
83,1,3,11,55,13,Yes,No,,Medialized,"Combo Box",NULL,"2018-12-08 15:35:26",NULL,NULL,yes,0,0,NULL,NULL,NULL
84,1,3,11,55,13,Yes,No,,Lateralized,1,NULL,"2018-12-08 15:35:26",NULL,NULL,yes,0,0,NULL,NULL,NULL
85,1,3,11,55,13,Yes,No,,"Improper Seating","Combo Box",NULL,"2018-12-08 15:35:26",NULL,NULL,yes,0,0,NULL,NULL,NULL
86,1,3,11,55,13,Yes,No,,"Improper Seating","Combo Box",NULL,"2018-12-08 15:35:26",NULL,NULL,yes,0,0,NULL,NULL,NULL
87,1,3,11,55,14,Yes,No,,"Wrong Side","Combo Box",NULL,"2018-12-08 15:37:18",NULL,NULL,yes,0,0,NULL,NULL,NULL
88,1,3,11,55,14,Yes,No,,Overhang,"Combo Box",NULL,"2018-12-08 15:37:18",NULL,NULL,yes,0,0,NULL,NULL,NULL
89,1,3,11,55,14,Yes,No,,Undersized,"Combo Box",NULL,"2018-12-08 15:37:18",NULL,NULL,yes,0,0,NULL,NULL,NULL
90,1,3,11,55,14,Yes,No,,Medialized,"Combo Box",NULL,"2018-12-08 15:37:18",NULL,NULL,yes,0,0,NULL,NULL,NULL
91,1,3,11,55,14,Yes,No,,Lateralized,"Combo Box",NULL,"2018-12-08 15:37:18",NULL,NULL,yes,0,0,NULL,NULL,NULL
92,1,3,11,55,14,Yes,No,,"Improper Seating","Combo Box",NULL,"2018-12-08 15:37:18",NULL,NULL,yes,0,0,NULL,NULL,NULL
93,1,3,11,55,15,Yes,No,,"Wrong Size","Combo Box",NULL,"2018-12-08 15:38:56",NULL,NULL,yes,0,0,NULL,NULL,NULL
94,1,3,11,55,15,Yes,No,,"Improper Seating","Combo Box",NULL,"2018-12-08 15:38:56",NULL,NULL,yes,0,0,NULL,NULL,NULL
95,1,3,11,55,15,Yes,No,,"Iatrogenic Damage","Combo Box",NULL,"2018-12-08 15:38:56",NULL,NULL,yes,0,0,NULL,NULL,NULL
96,1,3,11,55,16,Yes,No,,"Wrong Side","Combo Box",NULL,"2018-12-08 15:41:00",NULL,NULL,yes,0,0,NULL,NULL,NULL
97,1,3,11,55,16,Yes,No,,Overhang,"Combo Box",NULL,"2018-12-08 15:41:00",NULL,NULL,yes,0,0,NULL,NULL,NULL
98,1,3,11,55,16,Yes,No,,Undersized,"Combo Box",NULL,"2018-12-08 15:41:00",NULL,NULL,yes,0,0,NULL,NULL,NULL
99,1,3,11,55,16,Yes,No,,Medialized,"Combo Box",NULL,"2018-12-08 15:41:00",NULL,NULL,yes,0,0,NULL,NULL,NULL
100,1,3,11,55,16,Yes,No,,Lateralized,"Combo Box",NULL,"2018-12-08 15:41:00",NULL,NULL,yes,0,0,NULL,NULL,NULL
101,1,3,11,55,16,Yes,No,,"Improper Seating","Combo Box",NULL,"2018-12-08 15:41:00",NULL,NULL,yes,0,0,NULL,NULL,NULL
102,1,3,7,20,0,Yes,No,,Duration,"Text Box",NULL,"2019-01-15 04:39:41",NULL,NULL,yes,0,0,NULL,NULL,NULL
103,1,3,7,20,0,Yes,No,,,1,NULL,"2019-01-15 04:40:20",NULL,NULL,yes,0,0,NULL,NULL,NULL
104,1,3,7,21,NULL,,,,Cefuroxime,"Combo Box",NULL,"2019-01-15 04:41:12",NULL,NULL,yes,0,0,NULL,NULL,NULL
105,1,3,7,21,NULL,Yes,No,,Amikacin,1,NULL,"2018-12-10 04:58:26",NULL,NULL,yes,0,0,NULL,NULL,NULL
106,1,3,7,21,NULL,,,,Vancomycin,1,NULL,"2019-01-15 04:41:47",NULL,NULL,yes,0,0,NULL,NULL,NULL
107,1,3,7,22,NULL,,,,Resection,1,NULL,"2019-01-15 04:44:54",NULL,NULL,yes,0,0,NULL,NULL,NULL
108,1,3,7,22,NULL,,,,Retention,"Combo Box",NULL,"2019-01-15 04:46:18",NULL,NULL,yes,0,0,NULL,NULL,NULL
109,1,3,7,23,NULL,,,,"Anterior MIdline","Combo Box",NULL,"2019-01-15 04:48:11",NULL,NULL,yes,0,0,NULL,NULL,NULL
110,1,3,7,23,NULL,Yes,No,,MIS,1,NULL,"2018-12-11 17:43:32",NULL,NULL,yes,0,0,NULL,NULL,NULL
111,1,3,7,23,NULL,Yes,No,,"Modified ",1,NULL,"2018-12-11 17:43:32",NULL,NULL,yes,0,0,NULL,NULL,NULL
112,1,3,7,24,NULL,,,,"Medial Parapatellar","Combo Box",NULL,"2019-01-15 04:49:11",NULL,NULL,yes,0,0,NULL,NULL,NULL
113,1,3,7,24,NULL,Yes,No,,Midvastus,1,NULL,"2018-12-11 17:45:42",NULL,NULL,yes,0,0,NULL,NULL,NULL
114,1,3,7,24,NULL,Yes,No,,Subvastus,1,NULL,"2018-12-11 17:45:42",NULL,NULL,yes,0,0,NULL,NULL,NULL
115,1,3,7,24,NULL,Yes,No,,"Lateral Parapatellar",1,NULL,"2018-12-11 17:45:42",NULL,NULL,yes,0,0,NULL,NULL,NULL
116,1,3,7,24,NULL,Yes,No,,"Quadriceps Snip",1,NULL,"2018-12-11 17:45:42",NULL,NULL,yes,0,0,NULL,NULL,NULL
117,1,3,7,24,NULL,Yes,No,,Quadricepsplasty,1,NULL,"2018-12-11 17:45:42",NULL,NULL,yes,0,0,NULL,NULL,NULL
118,1,3,7,24,NULL,Yes,No,,"Tibial Tubercle Osteotomy",1,NULL,"2018-12-11 17:45:42",NULL,NULL,yes,0,0,NULL,NULL,NULL
119,1,3,7,25,NULL,,,,Manual,"Combo Box",NULL,"2019-01-15 04:50:57",NULL,NULL,yes,0,0,NULL,NULL,NULL
120,1,3,7,25,NULL,Yes,No,,"Computer Based Navigation",1,NULL,"2018-12-11 17:47:55",NULL,NULL,yes,0,0,NULL,NULL,NULL
121,1,3,7,25,NULL,Yes,No,,"Hand-held Navigation",1,NULL,"2018-12-11 17:47:55",NULL,NULL,yes,0,0,NULL,NULL,NULL
122,1,3,7,25,NULL,Yes,No,,"Patient Specific Instrumentation",1,NULL,"2018-12-11 17:47:55",NULL,NULL,yes,0,0,NULL,NULL,NULL
123,1,3,7,25,NULL,Yes,No,,"Robotic Assisted",1,NULL,"2018-12-11 17:47:55",NULL,NULL,yes,0,0,NULL,NULL,NULL
124,1,3,7,26,NULL,,,,Normal,1,NULL,"2019-01-15 04:51:31",NULL,NULL,yes,0,0,NULL,NULL,NULL
125,1,3,7,26,NULL,Yes,No,,"Moderately Osteoporotic","Combo Box",NULL,"2018-12-11 17:49:27",NULL,NULL,yes,0,0,NULL,NULL,NULL
126,1,3,7,26,NULL,Yes,No,,"Severely Osteoporotic",1,NULL,"2018-12-11 17:49:27",NULL,NULL,yes,0,0,NULL,NULL,NULL
127,1,3,7,26,NULL,Yes,No,,Sclerotic,1,NULL,"2018-12-11 17:49:27",NULL,NULL,yes,0,0,NULL,NULL,NULL
128,1,3,7,27,NULL,,,,"4 Degrees",1,NULL,"2019-01-15 04:52:16",NULL,NULL,yes,0,0,NULL,NULL,NULL
129,1,3,7,27,NULL,Yes,No,,"5 Degrees","Combo Box",NULL,"2018-12-11 17:50:59",NULL,NULL,yes,0,0,NULL,NULL,NULL
130,1,3,7,27,NULL,Yes,No,,"6 Degrees",1,NULL,"2018-12-11 17:50:59",NULL,NULL,yes,0,0,NULL,NULL,NULL
131,1,3,7,27,NULL,Yes,No,,"7 Degrees",1,NULL,"2018-12-11 17:50:59",NULL,NULL,yes,0,0,NULL,NULL,NULL
132,1,3,7,27,NULL,Yes,No,,Others,"Text Box",NULL,"2018-12-11 18:01:14",NULL,NULL,yes,0,0,NULL,NULL,NULL
133,1,3,7,28,NULL,,,,"3 Degrees","Combo Box",NULL,"2019-01-15 04:52:56",NULL,NULL,yes,0,0,NULL,NULL,NULL
134,1,3,7,28,NULL,Yes,No,,"4.5  Degrees",1,NULL,"2018-12-11 17:52:34",NULL,NULL,yes,0,0,NULL,NULL,NULL
135,1,3,7,28,NULL,Yes,No,,"5 Degrees",1,NULL,"2018-12-11 17:52:34",NULL,NULL,yes,0,0,NULL,NULL,NULL
136,1,3,7,28,NULL,Yes,No,,"6 Degrees",1,NULL,"2018-12-11 17:52:34",NULL,NULL,yes,0,0,NULL,NULL,NULL
137,1,3,7,28,NULL,Yes,No,,Others,"Text Box",NULL,"2018-12-11 18:01:40",NULL,NULL,yes,0,0,NULL,NULL,NULL
138,1,3,7,29,NULL,,,,"3 Degrees",1,NULL,"2019-01-15 04:53:26",NULL,NULL,yes,0,0,NULL,NULL,NULL
139,1,3,7,29,NULL,Yes,No,,"5 Degrees","Combo Box",NULL,"2018-12-11 17:53:36",NULL,NULL,yes,0,0,NULL,NULL,NULL
140,1,3,7,29,NULL,Yes,No,,"7 Degrees",1,NULL,"2018-12-11 17:53:36",NULL,NULL,yes,0,0,NULL,NULL,NULL
141,1,3,7,29,NULL,Yes,No,,"9 Degrees",1,NULL,"2018-12-11 17:53:36",NULL,NULL,yes,0,0,NULL,NULL,NULL
142,1,3,7,29,NULL,Yes,No,,Others,"Text Box",NULL,"2018-12-11 18:02:04",NULL,NULL,yes,0,0,NULL,NULL,NULL
143,1,3,7,30,NULL,Yes,No,,Size-Matched,"Combo Box",NULL,"2018-12-11 17:54:42",NULL,NULL,yes,0,0,NULL,NULL,NULL
144,1,3,7,30,NULL,Yes,No,,Upsized,1,NULL,"2018-12-11 17:54:42",NULL,NULL,yes,0,0,NULL,NULL,NULL
145,1,3,7,30,NULL,Yes,No,,Downsized,1,NULL,"2018-12-11 17:54:42",NULL,NULL,yes,0,0,NULL,NULL,NULL
146,1,3,7,32,NULL,Yes,No,NULL,Degrees,"Text Box",NULL,"2019-02-27 14:01:29",NULL,NULL,yes,0,0,NULL,NULL,NULL
147,1,3,7,31,NULL,Yes,No,,Size-Matched,"Combo Box",NULL,"2018-12-11 17:56:36",NULL,NULL,yes,0,0,NULL,NULL,NULL
148,1,3,7,31,NULL,Yes,No,,Upsized,1,NULL,"2018-12-11 17:56:36",NULL,NULL,yes,0,0,NULL,NULL,NULL
149,1,3,7,31,NULL,Yes,No,,Downsized,1,NULL,"2018-12-11 17:56:36",NULL,NULL,yes,0,0,NULL,NULL,NULL
150,1,3,7,33,20,Yes,No,,"Thickness in mm","Text Box",NULL,"2018-12-11 18:07:58",NULL,NULL,yes,0,0,NULL,NULL,NULL
151,1,3,7,33,21,Yes,No,,"Thickness in mm","Text Box",NULL,"2018-12-11 18:08:34",NULL,NULL,yes,0,0,NULL,NULL,NULL
152,1,3,7,34,18,Yes,No,,"Thickness in mm","Text Box",NULL,"2018-12-11 18:10:09",NULL,NULL,yes,0,0,NULL,NULL,NULL
153,1,3,7,34,19,Yes,No,,"Thickness in mm","Text Box",NULL,"2018-12-11 18:10:35",NULL,NULL,yes,0,0,NULL,NULL,NULL
154,1,3,7,35,NULL,Yes,No,,"Anterior ",1,NULL,"2018-12-11 18:12:48",NULL,NULL,yes,0,0,NULL,NULL,NULL
155,1,3,7,35,NULL,Yes,No,NULL,Posterior,"Combo Box",NULL,"2019-02-27 14:03:58",NULL,NULL,yes,0,0,NULL,NULL,NULL
156,1,3,7,35,NULL,Yes,No,,Mixed,1,NULL,"2018-12-11 18:12:48",NULL,NULL,yes,0,0,NULL,NULL,NULL
157,1,2,2,10,NULL,Yes,No,,Normal,"Combo Box",NULL,"2018-12-11 18:18:53",NULL,NULL,yes,0,0,NULL,NULL,NULL
158,1,2,2,10,NULL,Yes,No,,"Moderate Osteoporosis",1,NULL,"2018-12-11 18:18:53",NULL,NULL,yes,0,0,NULL,NULL,NULL
159,1,2,2,10,NULL,Yes,No,,"Severe Osteoporosis",1,NULL,"2018-12-11 18:18:53",NULL,NULL,yes,0,0,NULL,NULL,NULL
160,1,2,2,10,NULL,Yes,No,,Sclerotic,1,NULL,"2018-12-11 18:18:53",NULL,NULL,yes,0,0,NULL,NULL,NULL
161,1,2,2,11,NULL,Yes,No,,"Angle in Degrees","Text Box",NULL,"2018-12-11 18:19:50",NULL,NULL,yes,0,0,NULL,NULL,NULL
162,1,2,2,13,NULL,Yes,No,,Reduced,"Combo Box",NULL,"2018-12-11 18:22:52",NULL,NULL,yes,0,0,NULL,NULL,NULL
163,1,2,2,13,NULL,Yes,No,,"Fibrous Ankylosis",1,NULL,"2018-12-11 18:22:52",NULL,NULL,yes,0,0,NULL,NULL,NULL
164,1,2,2,13,NULL,Yes,No,,"Bony Ankylosis",1,NULL,"2018-12-11 18:22:52",NULL,NULL,yes,0,0,NULL,NULL,NULL
165,1,2,2,17,NULL,Yes,No,,1,1,NULL,"2018-12-11 18:24:39",NULL,NULL,yes,0,0,NULL,NULL,NULL
166,1,2,2,17,NULL,Yes,No,,2,1,NULL,"2018-12-11 18:24:39",NULL,NULL,yes,0,0,NULL,NULL,NULL
167,1,2,2,17,NULL,Yes,No,,3,1,NULL,"2018-12-11 18:24:39",NULL,NULL,yes,0,0,NULL,NULL,NULL
168,1,2,2,17,NULL,Yes,No,,4,"Combo Box",NULL,"2018-12-11 18:24:39",NULL,NULL,yes,0,0,NULL,NULL,NULL
169,1,2,2,18,NULL,Yes,No,,2,1,NULL,"2018-12-11 18:25:23",NULL,NULL,yes,0,0,NULL,NULL,NULL
170,1,2,2,18,NULL,Yes,No,,3,1,NULL,"2018-12-11 18:25:23",NULL,NULL,yes,0,0,NULL,NULL,NULL
171,1,2,2,18,NULL,Yes,No,,4,"Combo Box",NULL,"2018-12-11 18:25:23",NULL,NULL,yes,0,0,NULL,NULL,NULL
172,1,2,2,18,NULL,Yes,No,,5,1,NULL,"2018-12-11 18:25:23",NULL,NULL,yes,0,0,NULL,NULL,NULL
173,1,2,2,19,NULL,Yes,No,,"5 Degrees",1,NULL,"2018-12-11 18:27:05",NULL,NULL,yes,0,0,NULL,NULL,NULL
174,1,2,2,19,NULL,Yes,No,,"6 Degrees","Combo Box",NULL,"2018-12-11 18:27:05",NULL,NULL,yes,0,0,NULL,NULL,NULL
175,1,2,2,19,NULL,Yes,No,,"7 Degrees",1,NULL,"2018-12-11 18:27:05",NULL,NULL,yes,0,0,NULL,NULL,NULL
176,1,2,2,19,NULL,Yes,No,,"8 Degrees",1,NULL,"2018-12-11 18:27:05",NULL,NULL,yes,0,0,NULL,NULL,NULL
177,1,2,2,19,NULL,Yes,No,,"9 Degrees",1,NULL,"2018-12-11 18:27:05",NULL,NULL,yes,0,0,NULL,NULL,NULL
178,1,2,2,19,NULL,Yes,No,,"10 Degrees",1,NULL,"2018-12-11 18:27:05",NULL,NULL,yes,0,0,NULL,NULL,NULL
179,1,2,2,19,NULL,Yes,No,,Others,1,NULL,"2018-12-11 18:27:05",NULL,NULL,yes,0,0,NULL,NULL,NULL
180,1,2,2,12,22,Yes,No,,"0-5 mm","Combo Box",NULL,"2018-12-11 18:35:02",NULL,NULL,yes,0,0,NULL,NULL,NULL
181,1,2,2,12,22,Yes,No,,"5-10 mm",1,NULL,"2018-12-11 18:35:02",NULL,NULL,yes,0,0,NULL,NULL,NULL
182,1,2,2,12,22,Yes,No,,">10 mm",1,NULL,"2018-12-11 18:35:02",NULL,NULL,yes,0,0,NULL,NULL,NULL
183,1,2,2,12,23,Yes,No,,"0-5 mm",1,NULL,"2018-12-11 18:35:45",NULL,NULL,yes,0,0,NULL,NULL,NULL
184,1,2,2,12,23,Yes,No,,"5-10 mm",1,NULL,"2018-12-11 18:35:45",NULL,NULL,yes,0,0,NULL,NULL,NULL
185,1,2,2,12,23,Yes,No,,">10 mm",1,NULL,"2018-12-11 18:35:45",NULL,NULL,yes,0,0,NULL,NULL,NULL
186,1,2,2,14,24,Yes,No,,"Distance in mm","Text Box",NULL,"2018-12-11 18:36:28",NULL,NULL,yes,0,0,NULL,NULL,NULL
187,1,2,2,14,25,Yes,No,,"Distance in mm","Text Box",NULL,"2018-12-11 18:36:53",NULL,NULL,yes,0,0,NULL,NULL,NULL
188,1,2,2,14,26,Yes,No,,"Distance in mm","Text Box",NULL,"2018-12-11 18:37:21",NULL,NULL,yes,0,0,NULL,NULL,NULL
189,1,2,2,15,27,Yes,No,,"Proximal Femur",1,NULL,"2018-12-11 18:39:43",NULL,NULL,yes,0,0,NULL,NULL,NULL
190,1,2,2,15,27,Yes,No,,"Shaft of Femur",1,NULL,"2018-12-11 18:39:43",NULL,NULL,yes,0,0,NULL,NULL,NULL
191,1,2,2,15,27,Yes,No,,"Distal Femur",1,NULL,"2018-12-11 18:39:43",NULL,NULL,yes,0,0,NULL,NULL,NULL
192,1,2,2,15,27,Yes,No,,"Proximal Tibia",1,NULL,"2018-12-11 18:39:43",NULL,NULL,yes,0,0,NULL,NULL,NULL
193,1,2,2,15,27,Yes,No,,"Shaft of Tibia",1,NULL,"2018-12-11 18:39:43",NULL,NULL,yes,0,0,NULL,NULL,NULL
194,1,2,2,15,27,Yes,No,,"Distal Tibia",1,NULL,"2018-12-11 18:39:43",NULL,NULL,yes,0,0,NULL,NULL,NULL
195,1,2,2,15,28,Yes,No,,"Angle in Degrees","Text Box",NULL,"2018-12-11 18:40:19",NULL,NULL,yes,0,0,NULL,NULL,NULL
196,1,2,2,16,29,Yes,No,,Normal,"Combo Box",NULL,"2018-12-11 18:40:57",NULL,NULL,yes,0,0,NULL,NULL,NULL
197,1,2,2,16,29,Yes,No,,Abnormal,1,NULL,"2018-12-11 18:40:57",NULL,NULL,yes,0,0,NULL,NULL,NULL
198,1,2,2,16,30,Yes,No,,Normal,1,NULL,"2018-12-11 18:42:00",NULL,NULL,yes,0,0,NULL,NULL,NULL
199,1,2,2,16,30,Yes,No,,"Patella Alta",1,NULL,"2018-12-11 18:42:00",NULL,NULL,yes,0,0,NULL,NULL,NULL
200,1,2,2,16,30,Yes,No,,"Patella Baja",1,NULL,"2018-12-11 18:42:00",NULL,NULL,yes,0,0,NULL,NULL,NULL
201,1,4,14,NULL,0,Yes,No,,"90 Degrees Knee Flexion","Combo Box",NULL,"2018-12-11 19:01:21",NULL,NULL,yes,0,0,NULL,NULL,NULL
202,1,4,14,NULL,0,Yes,No,,"Full Knee Extension","Combo Box",NULL,"2018-12-11 19:01:21",NULL,NULL,yes,0,0,NULL,NULL,NULL
203,1,4,14,NULL,0,Yes,No,,"Walker Assisted Mobilization","Combo Box",NULL,"2018-12-11 19:01:21",NULL,NULL,yes,0,0,NULL,NULL,NULL
204,1,4,14,NULL,0,Yes,No,,"Stick Assisted Mobilization","Combo Box",NULL,"2018-12-11 19:01:21",NULL,NULL,yes,0,0,NULL,NULL,NULL
205,1,4,14,NULL,0,Yes,No,,"Stair Climbing",1,NULL,"2018-12-11 19:01:21",NULL,NULL,yes,0,0,NULL,NULL,NULL
206,1,4,14,NULL,0,Yes,No,,"Knee Brace Required",1,NULL,"2018-12-11 19:01:21",NULL,NULL,yes,0,0,NULL,NULL,NULL
207,1,4,14,NULL,0,Yes,No,,"Partial Weight-bearing",1,NULL,"2018-12-11 19:01:21",NULL,NULL,yes,0,0,NULL,NULL,NULL
208,1,4,14,NULL,0,Yes,No,,"Full Weight-bearing","Combo Box",NULL,"2018-12-11 19:01:21",NULL,NULL,yes,0,0,NULL,NULL,NULL
209,1,4,15,NULL,NULL,Yes,No,NULL,None,1,NULL,"2019-02-27 16:14:46",NULL,NULL,yes,0,0,NULL,NULL,NULL
210,1,4,15,NULL,NULL,Yes,No,NULL,"Recurrent Wound Soakage",1,NULL,"2019-02-27 16:24:24",NULL,NULL,yes,0,0,NULL,NULL,NULL
211,1,4,15,NULL,0,Yes,No,,"Extension Lag",1,NULL,"2018-12-11 19:11:52",NULL,NULL,yes,0,0,NULL,NULL,NULL
212,1,4,15,NULL,0,Yes,No,,"Residual FFD",1,NULL,"2018-12-11 19:11:52",NULL,NULL,yes,0,0,NULL,NULL,NULL
213,1,4,15,NULL,NULL,,,NULL,"Hyperextension Deformity",1,NULL,"2019-02-27 16:29:43",NULL,NULL,yes,0,0,NULL,NULL,NULL
214,1,4,15,NULL,0,Yes,No,,"Varus-Valgus Instability",1,NULL,"2018-12-11 19:11:52",NULL,NULL,yes,0,0,NULL,NULL,NULL
215,1,4,15,NULL,0,Yes,No,,Dislocation,1,NULL,"2018-12-11 19:11:52",NULL,NULL,yes,0,0,NULL,NULL,NULL
216,1,4,15,NULL,0,Yes,No,,DVT,1,NULL,"2018-12-11 19:11:52",NULL,NULL,yes,0,0,NULL,NULL,NULL
217,1,4,15,NULL,0,Yes,No,,"Foot Drop",1,NULL,"2018-12-11 19:11:52",NULL,NULL,yes,0,0,NULL,NULL,NULL
218,1,4,15,NULL,0,Yes,No,,"Vascular Injury",1,NULL,"2018-12-11 19:11:52",NULL,NULL,yes,0,0,NULL,NULL,NULL
219,1,4,15,NULL,0,Yes,No,,"Periprosthetic Fracture",1,NULL,"2018-12-11 19:11:52",NULL,NULL,yes,0,0,NULL,NULL,NULL
220,1,4,15,NULL,0,Yes,No,,Malalignment,1,NULL,"2018-12-11 19:11:52",NULL,NULL,yes,0,0,NULL,NULL,NULL
221,1,4,15,NULL,NULL,Yes,No,NULL,Others,1,NULL,"2019-02-27 16:29:16",NULL,NULL,yes,0,0,NULL,NULL,NULL
222,1,4,16,NULL,0,Yes,No,,Procedure,"Text Box",NULL,"2018-12-11 19:12:41",NULL,NULL,yes,0,0,NULL,NULL,NULL
223,1,4,17,NULL,0,Yes,No,,Image,Attachment,NULL,"2018-12-11 19:13:12",NULL,NULL,yes,0,0,NULL,NULL,NULL
224,1,5,18,NULL,0,Yes,No,,"<90 Degrees",1,NULL,"2018-12-11 19:34:26",NULL,NULL,yes,0,0,NULL,NULL,NULL
225,1,5,18,NULL,0,Yes,No,,"90-120 Degrees",1,NULL,"2018-12-11 19:34:26",NULL,NULL,yes,0,0,NULL,NULL,NULL
226,1,5,18,NULL,0,Yes,No,,">120 Degrees","Combo Box",NULL,"2018-12-11 19:34:26",NULL,NULL,yes,0,0,NULL,NULL,NULL
227,1,5,19,NULL,0,Yes,No,,Full,"Combo Box",NULL,"2018-12-11 19:35:21",NULL,NULL,yes,0,0,NULL,NULL,NULL
228,1,5,19,NULL,0,Yes,No,,Lag,"Text Box",NULL,"2018-12-11 19:35:21",NULL,NULL,yes,0,0,NULL,NULL,NULL
229,1,5,20,NULL,0,Yes,No,,"5-10 Degrees",1,NULL,"2018-12-11 19:36:25",NULL,NULL,yes,0,0,NULL,NULL,NULL
230,1,5,20,NULL,0,Yes,No,,">10 Degrees",1,NULL,"2018-12-11 19:36:25",NULL,NULL,yes,0,0,NULL,NULL,NULL
231,1,5,21,NULL,0,Yes,No,,Normal,"Combo Box",NULL,"2018-12-11 19:37:11",NULL,NULL,yes,0,0,NULL,NULL,NULL
232,1,5,21,NULL,0,Yes,No,,Waddling,1,NULL,"2018-12-11 19:37:11",NULL,NULL,yes,0,0,NULL,NULL,NULL
233,1,5,24,NULL,0,Yes,No,,"Periprosthetic Fracture",1,NULL,"2018-12-11 19:41:29",NULL,NULL,yes,0,0,NULL,NULL,NULL
234,1,5,24,NULL,0,Yes,No,,"Periprosthetic Infection",1,NULL,"2018-12-11 19:41:29",NULL,NULL,yes,0,0,NULL,NULL,NULL
235,1,5,24,NULL,0,Yes,No,,Instability,1,NULL,"2018-12-11 19:41:29",NULL,NULL,yes,0,0,NULL,NULL,NULL
236,1,5,24,NULL,0,Yes,No,,"Wound Healing Problem",1,NULL,"2018-12-11 19:41:29",NULL,NULL,yes,0,0,NULL,NULL,NULL
237,1,5,24,NULL,0,Yes,No,,"Residual Deformity",1,NULL,"2018-12-11 19:41:29",NULL,NULL,yes,0,0,NULL,NULL,NULL
238,1,5,24,NULL,0,Yes,No,,"Ligament Injury",1,NULL,"2018-12-11 19:41:29",NULL,NULL,yes,0,0,NULL,NULL,NULL
239,1,5,24,NULL,0,Yes,No,,"Component Malalignment",1,NULL,"2018-12-11 19:41:29",NULL,NULL,yes,0,0,NULL,NULL,NULL
240,1,5,24,NULL,0,Yes,No,,"Snapping Syndrome",1,NULL,"2018-12-11 19:41:29",NULL,NULL,yes,0,0,NULL,NULL,NULL
241,1,5,24,NULL,0,Yes,No,,"Polyethylene Wear",1,NULL,"2018-12-11 19:41:29",NULL,NULL,yes,0,0,NULL,NULL,NULL
242,1,5,24,NULL,0,Yes,No,,"Implant Loosening",1,NULL,"2018-12-11 19:41:29",NULL,NULL,yes,0,0,NULL,NULL,NULL
243,1,5,24,NULL,0,Yes,No,,DVT,1,NULL,"2018-12-11 19:41:29",NULL,NULL,yes,0,0,NULL,NULL,NULL
244,1,5,24,NULL,0,Yes,No,,Dislocation,1,NULL,"2018-12-11 19:41:29",NULL,NULL,yes,0,0,NULL,NULL,NULL
245,1,5,24,NULL,0,Yes,No,,"Implant Fracture",1,NULL,"2018-12-11 19:41:29",NULL,NULL,yes,0,0,NULL,NULL,NULL
246,1,5,24,NULL,0,Yes,No,,"Component Dissociation",1,NULL,"2018-12-11 19:41:29",NULL,NULL,yes,0,0,NULL,NULL,NULL
247,1,5,24,NULL,0,Yes,No,,Others,"Text Box",NULL,"2018-12-11 19:41:29",NULL,NULL,yes,0,0,NULL,NULL,NULL
248,1,5,25,NULL,0,Yes,No,,Hamstring,1,NULL,"2018-12-11 19:42:17",NULL,NULL,yes,0,0,NULL,NULL,NULL
249,1,5,25,NULL,0,Yes,No,,ITB,1,NULL,"2018-12-11 19:42:17",NULL,NULL,yes,0,0,NULL,NULL,NULL
250,1,5,25,NULL,0,Yes,No,,MCL,1,NULL,"2018-12-11 19:42:17",NULL,NULL,yes,0,0,NULL,NULL,NULL
251,1,5,25,NULL,0,Yes,No,,Others,1,NULL,"2018-12-11 19:42:17",NULL,NULL,yes,0,0,NULL,NULL,NULL
256,1,3,10,43,7,Yes,No,,,1,NULL,"2019-01-04 16:55:46",NULL,NULL,yes,0,0,NULL,NULL,NULL
257,1,3,10,43,7,Yes,No,,,1,NULL,"2019-01-04 16:56:44",NULL,NULL,yes,0,0,NULL,NULL,NULL
258,1,3,10,43,7,Yes,No,NULL,"Size in mm",1,NULL,"2019-02-26 20:09:58",NULL,NULL,yes,0,0,NULL,NULL,NULL
259,1,3,10,43,6,Yes,No,,,1,NULL,"2019-01-04 16:57:17",NULL,NULL,yes,0,0,NULL,NULL,NULL
261,1,3,10,44,NULL,Yes,Abc,,,1,NULL,"2018-12-26 10:31:22",NULL,NULL,yes,0,0,NULL,NULL,NULL
262,1,3,10,50,NULL,Yes,No,,test,1,NULL,"2018-12-27 10:46:34",NULL,NULL,yes,0,0,NULL,NULL,NULL
263,1,3,10,50,NULL,Yes,No,,,1,NULL,"2018-12-27 10:47:40",NULL,NULL,yes,0,0,NULL,NULL,NULL
264,1,3,10,50,NULL,Yes,No,,test2,"Multi Input",NULL,"2018-12-27 10:48:48",NULL,NULL,yes,0,0,NULL,NULL,NULL
265,1,3,10,49,NULL,a,b,,1,1,NULL,"2018-12-27 10:52:08",NULL,NULL,yes,0,0,NULL,NULL,NULL
266,1,3,10,49,NULL,a,b,,2,1,NULL,"2018-12-27 10:54:16",NULL,NULL,yes,0,0,NULL,NULL,NULL
270,1,3,10,43,7,Yes,No,NULL,Quantity,"Text Box",NULL,"2019-02-27 13:35:52",NULL,NULL,yes,0,0,NULL,NULL,NULL
271,1,3,10,43,7,Yes,No,,"Size in mm","Text Box",NULL,"2019-01-04 16:53:40",NULL,NULL,yes,0,0,NULL,NULL,NULL
272,1,3,10,43,7,Yes,No,NULL,,1,NULL,"2019-03-13 16:37:42",NULL,NULL,yes,0,0,NULL,NULL,NULL
273,1,3,7,22,NULL,Yes,No,,Recession,1,NULL,"2019-01-15 04:47:14",NULL,NULL,yes,0,0,NULL,NULL,NULL
274,1,3,7,59,NULL,Yes,No,,,1,NULL,"2019-01-15 04:58:03",NULL,NULL,yes,0,0,NULL,NULL,NULL
275,1,3,7,59,NULL,Yes,No,,"Down Sized",1,NULL,"2019-01-15 04:58:42",NULL,NULL,yes,0,0,NULL,NULL,NULL
276,1,3,7,59,NULL,Yes,No,,Upsized,1,NULL,"2019-01-15 04:58:42",NULL,NULL,yes,0,0,NULL,NULL,NULL
277,1,3,10,42,NULL,Yes,No,NULL,Ultracongruent,1,NULL,"2019-02-27 13:29:51",NULL,NULL,yes,0,0,NULL,NULL,NULL
278,1,3,10,42,NULL,Yes,No,,CS,1,NULL,"2019-01-15 05:02:48",NULL,NULL,yes,0,0,NULL,NULL,NULL
279,1,3,10,42,NULL,Yes,No,NULL,"Posterior Stabilized",1,NULL,"2019-02-27 13:30:20",NULL,NULL,yes,0,0,NULL,NULL,NULL
280,1,3,10,42,NULL,Yes,No,NULL,"Non-Linked Constrained ",1,NULL,"2019-02-27 13:28:21",NULL,NULL,yes,0,0,NULL,NULL,NULL
281,1,3,10,42,NULL,Yes,No,,"Fixed Hinge",1,NULL,"2019-01-15 05:02:48",NULL,NULL,yes,0,0,NULL,NULL,NULL
282,1,3,10,42,NULL,Yes,No,NULL,"Rotating Hinge ",1,NULL,"2019-02-27 13:28:46",NULL,NULL,yes,0,0,NULL,NULL,NULL
283,1,3,10,44,33,Yes,No,,Size,"Text Box",NULL,"2019-02-21 04:19:13",NULL,NULL,yes,0,0,NULL,NULL,NULL
284,1,3,10,44,33,Yes,No,,Offset,"Text Box",NULL,"2019-02-21 04:19:13",NULL,NULL,yes,0,0,NULL,NULL,NULL
285,1,3,10,44,32,Yes,No,NULL,"Prosthesis Size","Text Box",NULL,"2019-03-13 16:36:04",NULL,NULL,yes,0,0,NULL,NULL,NULL
286,1,1,1,1,NULL,Yes,No,NULL,Menisectomy,1,NULL,"2019-02-26 08:54:48",NULL,NULL,yes,0,0,NULL,NULL,NULL
287,1,1,1,60,NULL,Yes,No,NULL,Normal,"Combo Box",NULL,"2019-02-26 19:52:13",NULL,NULL,yes,0,0,NULL,NULL,NULL
288,1,1,1,60,NULL,Yes,No,NULL,"Old Scar",1,NULL,"2019-02-26 19:52:13",NULL,NULL,yes,0,0,NULL,NULL,NULL
289,1,1,1,60,NULL,Yes,No,NULL,"Skin lesions",1,NULL,"2019-02-26 19:52:13",NULL,NULL,yes,0,0,NULL,NULL,NULL
290,1,3,9,36,NULL,Yes,No,NULL,Normal,"Combo Box",NULL,"2019-02-27 14:06:44",NULL,NULL,yes,0,0,NULL,NULL,NULL
291,1,3,9,36,NULL,Yes,No,NULL,Attenuated,1,NULL,"2019-02-27 14:06:44",NULL,NULL,yes,0,0,NULL,NULL,NULL
292,1,3,9,36,NULL,Yes,No,NULL,Deficient,1,NULL,"2019-02-27 14:06:44",NULL,NULL,yes,0,0,NULL,NULL,NULL
293,1,3,9,37,NULL,Yes,No,NULL,"Deep MCL and Medial Capsule","Combo Box",NULL,"2019-02-27 14:09:43",NULL,NULL,yes,0,0,NULL,NULL,NULL
294,1,3,9,37,NULL,Yes,No,NULL,Osteophytes,"Combo Box",NULL,"2019-02-27 14:09:43",NULL,NULL,yes,0,0,NULL,NULL,NULL
295,1,3,9,37,NULL,Yes,No,NULL,"Reduction Osteotomy",1,NULL,"2019-02-27 14:09:43",NULL,NULL,yes,0,0,NULL,NULL,NULL
296,1,3,9,37,NULL,Yes,No,NULL,Semimembranosus,1,NULL,"2019-02-27 14:09:43",NULL,NULL,yes,0,0,NULL,NULL,NULL
297,1,3,9,37,NULL,Yes,No,NULL,"Superficial MCL",1,NULL,"2019-02-27 14:09:43",NULL,NULL,yes,0,0,NULL,NULL,NULL
298,1,3,9,37,NULL,Yes,No,NULL,"Pes Anserinus",1,NULL,"2019-02-27 14:09:43",NULL,NULL,yes,0,0,NULL,NULL,NULL
299,1,3,9,38,NULL,Yes,No,NULL,"Posterolateral Capsule","Combo Box",NULL,"2019-02-27 14:11:32",NULL,NULL,yes,0,0,NULL,NULL,NULL
300,1,3,9,38,NULL,Yes,No,NULL,ITB,1,NULL,"2019-02-27 14:11:32",NULL,NULL,yes,0,0,NULL,NULL,NULL
301,1,3,9,38,NULL,Yes,No,NULL,Popliteus,1,NULL,"2019-02-27 14:11:32",NULL,NULL,yes,0,0,NULL,NULL,NULL
302,1,3,9,38,NULL,Yes,No,NULL,LCL,1,NULL,"2019-02-27 14:11:32",NULL,NULL,yes,0,0,NULL,NULL,NULL
303,1,3,9,39,NULL,Yes,No,NULL,"Posterior Osteophytes","Combo Box",NULL,"2019-02-27 14:14:58",NULL,NULL,yes,0,0,NULL,NULL,NULL
304,1,3,9,39,NULL,Yes,No,NULL,"Posterior Capsule","Combo Box",NULL,"2019-02-27 14:14:58",NULL,NULL,yes,0,0,NULL,NULL,NULL
305,1,3,9,39,NULL,Yes,No,NULL,"Partial PCL Release",1,NULL,"2019-02-27 14:14:58",NULL,NULL,yes,0,0,NULL,NULL,NULL
306,1,3,9,39,NULL,Yes,No,NULL,"PCL Pie-Crusting",1,NULL,"2019-02-27 14:14:58",NULL,NULL,yes,0,0,NULL,NULL,NULL
307,1,3,9,39,NULL,Yes,No,NULL,"Additional Distal Cut",1,NULL,"2019-02-27 14:14:58",NULL,NULL,yes,0,0,NULL,NULL,NULL
308,1,3,9,39,NULL,Yes,No,NULL,"Hamstring Tenotomy",1,NULL,"2019-02-27 14:14:58",NULL,NULL,yes,0,0,NULL,NULL,NULL
309,1,3,9,40,NULL,Yes,No,NULL,"Conservative Distal Cut","Combo Box",NULL,"2019-02-27 14:16:18",NULL,NULL,yes,0,0,NULL,NULL,NULL
310,1,3,9,40,NULL,Yes,No,NULL,"Distalization of Femur Prosthesis","Combo Box",NULL,"2019-02-27 14:16:18",NULL,NULL,yes,0,0,NULL,NULL,NULL
311,1,3,12,61,NULL,Yes,No,NULL,None,1,NULL,"2019-02-27 14:22:08",NULL,NULL,yes,0,0,NULL,NULL,NULL
312,1,3,12,61,NULL,Yes,No,NULL,"Popliteus Repair",1,NULL,"2019-02-27 14:22:08",NULL,NULL,yes,0,0,NULL,NULL,NULL
313,1,3,12,61,NULL,Yes,No,NULL,"MCL Repair",1,NULL,"2019-02-27 14:22:08",NULL,NULL,yes,0,0,NULL,NULL,NULL
314,1,3,12,61,NULL,Yes,No,NULL,"Screw Insertion",1,NULL,"2019-02-27 14:22:08",NULL,NULL,yes,0,0,NULL,NULL,NULL
315,1,3,12,61,NULL,Yes,No,NULL,"Lateral Retinacular Release",1,NULL,"2019-02-27 14:22:08",NULL,NULL,yes,0,0,NULL,NULL,NULL
316,1,3,12,61,NULL,Yes,No,NULL,"Patellar Tendon Repair",1,NULL,"2019-02-27 14:22:08",NULL,NULL,yes,0,0,NULL,NULL,NULL
317,1,3,12,61,NULL,Yes,No,NULL,Others,1,NULL,"2019-02-27 14:22:08",NULL,NULL,yes,0,0,NULL,NULL,NULL
318,1,3,13,62,NULL,Yes,No,NULL,"Equal M-L Opening","Combo Box",NULL,"2019-02-27 15:33:29",NULL,NULL,yes,0,0,NULL,NULL,NULL
319,1,3,13,62,NULL,Yes,No,NULL,"M>L Opening",1,NULL,"2019-02-27 15:33:29",NULL,NULL,yes,0,0,NULL,NULL,NULL
320,1,3,13,62,NULL,Yes,No,NULL,"L>M Opening",1,NULL,"2019-02-27 15:33:29",NULL,NULL,yes,0,0,NULL,NULL,NULL
321,1,3,13,63,NULL,Yes,No,NULL,None,"Combo Box",NULL,"2019-02-27 15:36:11",NULL,NULL,yes,0,0,NULL,NULL,NULL
322,1,3,13,63,NULL,Yes,No,NULL,"Minimal Flexion Deformity",1,NULL,"2019-02-27 15:36:11",NULL,NULL,yes,0,0,NULL,NULL,NULL
323,1,3,13,63,NULL,Yes,No,NULL,"Minimal Hyperextension",1,NULL,"2019-02-27 15:36:59",NULL,NULL,yes,0,0,NULL,NULL,NULL
324,1,3,13,63,NULL,Yes,No,NULL,">10 Degrees Flexion Deformity",1,NULL,"2019-02-27 15:36:11",NULL,NULL,yes,0,0,NULL,NULL,NULL
325,1,3,13,63,NULL,Yes,No,NULL,">10 Degrees Hyperextension ",1,NULL,"2019-02-27 15:36:28",NULL,NULL,yes,0,0,NULL,NULL,NULL
326,1,3,13,64,NULL,Yes,No,NULL,No,"Combo Box",NULL,"2019-02-27 15:38:07",NULL,NULL,yes,0,0,NULL,NULL,NULL
327,1,3,13,64,NULL,,,NULL,Minimal,1,NULL,"2019-02-27 15:56:42",NULL,NULL,yes,0,0,NULL,NULL,NULL
328,1,3,13,65,NULL,Yes,No,NULL,Satisfactory,"Combo Box",NULL,"2019-02-27 15:54:18",NULL,NULL,yes,0,0,NULL,NULL,NULL
329,1,3,13,65,NULL,Yes,No,NULL,"Pull Out ",1,NULL,"2019-02-27 15:54:18",NULL,NULL,yes,0,0,NULL,NULL,NULL
330,1,3,13,65,NULL,Yes,No,NULL,"Lift Off",1,NULL,"2019-02-27 15:54:18",NULL,NULL,yes,0,0,NULL,NULL,NULL
331,1,3,13,65,NULL,,,NULL,"Slide Back",1,NULL,"2019-02-27 15:55:39",NULL,NULL,yes,0,0,NULL,NULL,NULL
332,1,3,13,66,NULL,,,NULL,Adequate,"Combo Box",NULL,"2019-02-27 15:55:13",NULL,NULL,yes,0,0,NULL,NULL,NULL
333,1,3,13,66,NULL,,,NULL,Suboptimal,1,NULL,"2019-02-27 15:55:13",NULL,NULL,yes,0,0,NULL,NULL,NULL
334,1,3,13,67,NULL,,,NULL,,"Text Box",NULL,"2019-02-27 15:57:23",NULL,NULL,yes,0,0,NULL,NULL,NULL
335,1,3,13,68,NULL,,,NULL,None,"Combo Box",NULL,"2019-02-27 16:00:13",NULL,NULL,yes,0,0,NULL,NULL,NULL
336,1,3,13,68,NULL,,,NULL,Aspirin,1,NULL,"2019-02-27 16:00:13",NULL,NULL,yes,0,0,NULL,NULL,NULL
337,1,3,13,68,NULL,,,NULL,LMWH,1,NULL,"2019-02-27 16:00:13",NULL,NULL,yes,0,0,NULL,NULL,NULL
338,1,3,13,68,NULL,,,NULL,Others,1,NULL,"2019-02-27 16:00:13",NULL,NULL,yes,0,0,NULL,NULL,NULL
339,1,3,13,69,NULL,,,NULL,No,"Combo Box",NULL,"2019-02-27 16:01:29",NULL,NULL,yes,0,0,NULL,NULL,NULL
340,1,3,13,69,NULL,,,NULL,Yes,1,NULL,"2019-02-27 16:01:29",NULL,NULL,yes,0,0,NULL,NULL,NULL
341,1,3,13,70,NULL,,,NULL,None,"Combo Box",NULL,"2019-02-27 16:02:52",NULL,NULL,yes,0,0,NULL,NULL,NULL
342,1,3,13,70,NULL,,,NULL,"Tranexamic Acid",1,NULL,"2019-02-27 16:02:52",NULL,NULL,yes,0,0,NULL,NULL,NULL
343,1,3,13,70,NULL,,,NULL,Cocktail,1,NULL,"2019-02-27 16:02:52",NULL,NULL,yes,0,0,NULL,NULL,NULL
344,1,3,11,58,NULL,,,NULL,None,1,NULL,"2019-02-27 16:05:45",NULL,NULL,yes,0,0,NULL,NULL,NULL
345,1,4,15,NULL,0,Yes,No,NULL,"Wound Infection",1,NULL,"2019-02-27 16:27:17",NULL,NULL,yes,0,0,NULL,NULL,NULL
346,2,1,1,1,NULL,Yes,No,NULL,"Primary TKA","Selection and text",NULL,"2019-03-24 11:38:54",NULL,NULL,yes,0,0,NULL,NULL,NULL
347,2,1,1,1,NULL,Yes,No,NULL,UKA,"Text Box",NULL,"2019-03-24 11:38:54",NULL,NULL,yes,0,0,NULL,NULL,NULL
348,2,1,1,1,NULL,Yes,No,NULL,"Revision TKA","Text Box",NULL,"2019-03-24 11:38:54",NULL,NULL,yes,0,0,NULL,NULL,NULL
349,2,1,1,1,NULL,Yes,No,NULL,"Primary TKA","Selection and text",NULL,"2019-03-24 11:40:05",NULL,NULL,yes,0,0,NULL,NULL,NULL
350,2,1,1,1,NULL,Yes,No,NULL,"Revision TKA","Text Box",NULL,"2019-03-24 11:40:05",NULL,NULL,yes,0,0,NULL,NULL,NULL
351,2,1,1,1,NULL,Yes,No,NULL,Others,"Text Box",NULL,"2019-03-24 19:01:41",NULL,NULL,yes,0,0,NULL,NULL,NULL
352,3,1,1,1,NULL,Yes,No,NULL,None,"Combo Box",NULL,"2019-03-27 15:58:04",NULL,NULL,yes,0,0,NULL,NULL,NULL
353,3,1,1,1,NULL,Yes,No,NULL,,1,NULL,"2019-03-27 16:02:44",NULL,NULL,yes,0,0,NULL,NULL,NULL
354,3,1,1,1,NULL,Yes,No,NULL,"Hip Arthrodesis",1,NULL,"2019-03-27 15:58:04",NULL,NULL,yes,0,0,NULL,NULL,NULL
355,3,1,1,1,NULL,Yes,No,NULL,"Internal Fixation of Fracture",1,NULL,"2019-03-27 15:58:04",NULL,NULL,yes,0,0,NULL,NULL,NULL
356,3,1,1,73,NULL,Yes,No,NULL,Others,1,NULL,"2019-03-31 12:41:24",NULL,NULL,yes,0,0,NULL,NULL,NULL
357,3,1,1,1,NULL,Yes,No,NULL,Others,"Text Box",NULL,"2019-03-27 15:58:04",NULL,NULL,yes,0,0,NULL,NULL,NULL
358,3,1,1,60,NULL,Yes,No,NULL,Normal,"Combo Box",NULL,"2019-03-27 16:04:11",NULL,NULL,yes,0,0,NULL,NULL,NULL
359,3,1,1,60,NULL,Yes,No,NULL,"Old Healed Scar",1,NULL,"2019-03-27 16:04:11",NULL,NULL,yes,0,0,NULL,NULL,NULL
360,3,1,1,60,NULL,Yes,No,NULL,Lesions,1,NULL,"2019-03-27 16:04:11",NULL,NULL,yes,0,0,NULL,NULL,NULL
361,3,1,1,6,NULL,Yes,No,NULL,Normal,"Combo Box",NULL,"2019-03-27 16:07:47",NULL,NULL,yes,0,0,NULL,NULL,NULL
362,3,1,1,6,NULL,Yes,No,NULL,PIVD,1,NULL,"2019-03-27 16:07:47",NULL,NULL,yes,0,0,NULL,NULL,NULL
363,3,1,1,6,NULL,Yes,No,NULL,Scoliosis,1,NULL,"2019-03-27 16:07:47",NULL,NULL,yes,0,0,NULL,NULL,NULL
364,3,1,1,6,NULL,Yes,No,NULL,Spondylolisthesis,1,NULL,"2019-03-27 16:07:47",NULL,NULL,yes,0,0,NULL,NULL,NULL
365,1,1,1,72,0,Yes,No,NULL,Normal,"Combo Box",NULL,"2019-03-31 10:33:38",NULL,NULL,yes,0,0,NULL,NULL,NULL
366,1,1,1,72,0,Yes,No,NULL,"Foot Drop",1,NULL,"2019-03-31 10:33:38",NULL,NULL,yes,0,0,NULL,NULL,NULL
367,1,1,1,72,0,Yes,No,NULL,"Quadriceps Weakness",1,NULL,"2019-03-31 10:33:38",NULL,NULL,yes,0,0,NULL,NULL,NULL
368,1,1,1,72,0,Yes,No,NULL,"Weak Distal Pulses",1,NULL,"2019-03-31 10:33:38",NULL,NULL,yes,0,0,NULL,NULL,NULL
369,1,1,1,72,0,Yes,No,NULL,"Varicose Veins",1,NULL,"2019-03-31 10:33:38",NULL,NULL,yes,0,0,NULL,NULL,NULL
370,1,1,1,72,0,Yes,No,NULL,"Buerger's Disease",1,NULL,"2019-03-31 10:33:38",NULL,NULL,yes,0,0,NULL,NULL,NULL
371,3,3,27,122,NULL,Yes,No,NULL,Cefuroxime,"Combo Box",NULL,"2019-03-31 13:46:44",NULL,NULL,yes,0,0,NULL,NULL,NULL
372,3,3,27,122,NULL,Yes,No,NULL,Amikacin,1,NULL,"2019-03-31 13:46:44",NULL,NULL,yes,0,0,NULL,NULL,NULL
373,3,3,27,122,NULL,Yes,No,NULL,Vancomycin,1,NULL,"2019-03-31 13:46:44",NULL,NULL,yes,0,0,NULL,NULL,NULL
374,3,3,27,84,NULL,Yes,No,NULL,Standard,"Combo Box",NULL,"2019-03-31 13:47:42",NULL,NULL,yes,0,0,NULL,NULL,NULL
375,3,3,27,84,NULL,Yes,No,NULL,MIS,1,NULL,"2019-03-31 13:47:42",NULL,NULL,yes,0,0,NULL,NULL,NULL
376,3,3,27,84,NULL,Yes,No,NULL,Bikini,1,NULL,"2019-03-31 13:47:42",NULL,NULL,yes,0,0,NULL,NULL,NULL
377,3,3,27,85,NULL,Yes,No,NULL,Posterolateral,"Combo Box",NULL,"2019-03-31 13:50:06",NULL,NULL,yes,0,0,NULL,NULL,NULL
378,3,3,27,85,NULL,Yes,No,NULL,"Direct Anterior",1,NULL,"2019-03-31 13:50:06",NULL,NULL,yes,0,0,NULL,NULL,NULL
379,3,3,27,85,NULL,Yes,No,NULL,"Direct Lateral",1,NULL,"2019-03-31 13:50:06",NULL,NULL,yes,0,0,NULL,NULL,NULL
380,3,3,27,85,NULL,Yes,No,NULL,"Standard Trochanteric Osteotomy",1,NULL,"2019-03-31 13:50:06",NULL,NULL,yes,0,0,NULL,NULL,NULL
381,3,3,27,85,NULL,Yes,No,NULL,"Trochanteric Slide Osteotomy",1,NULL,"2019-03-31 13:50:06",NULL,NULL,yes,0,0,NULL,NULL,NULL
382,3,3,27,85,NULL,Yes,No,NULL,"Extended Trochanteric Osteotomy",1,NULL,"2019-03-31 13:50:06",NULL,NULL,yes,0,0,NULL,NULL,NULL
383,3,3,27,123,NULL,Yes,No,NULL,"Neck Length","Text Box",NULL,"2019-04-01 04:09:08",NULL,NULL,yes,0,0,NULL,NULL,NULL
384,3,3,7,83,NULL,Yes,No,NULL,"Head Size","Text Box",NULL,"2019-04-01 04:05:31",NULL,NULL,yes,0,0,NULL,NULL,NULL
385,3,3,7,83,NULL,Yes,No,NULL,"Stem Size","Text Box",NULL,"2019-04-01 04:05:31",NULL,NULL,yes,0,0,NULL,NULL,NULL
386,3,3,7,83,NULL,Yes,No,NULL,"Neck Length","Text Box",NULL,"2019-04-01 04:05:31",NULL,NULL,yes,0,0,NULL,NULL,NULL
387,3,3,27,123,NULL,Yes,No,NULL,"Shell Size","Text Box",NULL,"2019-04-01 04:07:42",NULL,NULL,yes,0,0,NULL,NULL,NULL
388,3,3,27,124,NULL,Yes,No,NULL,Manual,"Combo Box",NULL,"2019-04-01 04:12:02",NULL,NULL,yes,0,0,NULL,NULL,NULL
389,3,3,27,124,NULL,Yes,No,NULL,"Computer Based Navigation",1,NULL,"2019-04-01 04:12:02",NULL,NULL,yes,0,0,NULL,NULL,NULL
390,3,3,27,124,NULL,Yes,No,NULL,"Hand-held Navigation",1,NULL,"2019-04-01 04:12:02",NULL,NULL,yes,0,0,NULL,NULL,NULL
391,3,3,27,124,NULL,Yes,No,NULL,"Robotic Assisted ",1,NULL,"2019-04-01 04:12:02",NULL,NULL,yes,0,0,NULL,NULL,NULL
392,3,3,27,120,NULL,Yes,No,NULL,No,"Combo Box",NULL,"2019-04-01 04:14:37",NULL,NULL,yes,0,0,NULL,NULL,NULL
393,3,3,27,120,NULL,Yes,No,NULL,Size,"Selection and text",NULL,"2019-04-01 04:14:37",NULL,NULL,yes,0,0,NULL,NULL,NULL
394,3,3,27,121,NULL,Yes,No,NULL,None,"Combo Box",NULL,"2019-04-01 04:15:57",NULL,NULL,yes,0,0,NULL,NULL,NULL
395,3,3,27,121,NULL,Yes,No,NULL,Cocktail,1,NULL,"2019-04-01 04:15:57",NULL,NULL,yes,0,0,NULL,NULL,NULL
396,3,3,27,121,NULL,Yes,No,NULL,"Tranexamic Acid",1,NULL,"2019-04-01 04:15:57",NULL,NULL,yes,0,0,NULL,NULL,NULL
397,4,5,18,125,NULL,Yes,No,Yes,"Test 1",Calendar,NULL,"2019-08-20 13:29:32",NULL,NULL,yes,0,0,NULL,NULL,NULL
398,3,4,14,NULL,NULL,Yes,No,Yes,"Test 1",Attachment,NULL,"2019-08-20 13:40:08",NULL,NULL,yes,0,0,NULL,NULL,NULL
399,2,3,7,26,NULL,Yes,No,Yes,"TEST 2","Combo Box",NULL,"2019-09-02 07:40:33",NULL,NULL,yes,0,0,NULL,NULL,NULL
400,1,3,35,126,45,Yes,No,Yes,"Nature 1","Text Box",NULL,"2019-09-02 08:09:06",NULL,NULL,yes,0,0,NULL,NULL,NULL
401,1,3,34,110,NULL,Yes,No,Yes,"Nature 1",1,NULL,"2019-09-02 08:11:28",NULL,NULL,yes,0,0,NULL,NULL,NULL
402,1,3,35,126,45,Yes,No,Yes,"Type Text Box","Text Box",NULL,"2019-09-02 08:14:41",NULL,NULL,yes,0,0,NULL,NULL,NULL
403,1,3,35,126,45,Yes,No,Yes,"Type Combo Box","Combo Box",NULL,"2019-09-02 08:14:41",NULL,NULL,yes,0,0,NULL,NULL,NULL
404,1,3,35,126,45,Yes,No,Yes,"Type Calendar",Calendar,NULL,"2019-09-02 08:14:41",NULL,NULL,yes,0,0,NULL,NULL,NULL
405,1,3,35,126,45,Yes,No,Yes,"Type Attachment",Attachment,NULL,"2019-09-02 08:14:41",NULL,NULL,yes,0,0,NULL,NULL,NULL
406,1,3,35,126,45,Yes,No,Yes,"Type Multi Input","Multi Input",NULL,"2019-09-02 08:14:41",NULL,NULL,yes,0,0,NULL,NULL,NULL
407,1,3,35,126,45,Yes,No,Yes,"Type Selection and Text","Selection and text",NULL,"2019-09-02 08:14:41",NULL,NULL,yes,0,0,NULL,NULL,NULL
408,1,3,35,126,45,Yes,No,Yes,"Type Selection and Text","Selection and text",NULL,"2019-09-02 08:18:01",NULL,NULL,yes,0,0,NULL,NULL,NULL
409,1,3,35,127,46,Yes,No,Yes,"TEST 2","Combo Box",NULL,"2019-09-02 08:21:24",NULL,NULL,yes,0,0,NULL,NULL,NULL
410,1,3,39,NULL,0,Yes,No,NULL,aktest1,1,NULL,"2019-09-02 08:28:32",NULL,NULL,yes,0,0,NULL,NULL,NULL
411,3,3,40,128,47,Yes,No,NULL,Ques1,1,NULL,"2019-09-02 08:34:01",NULL,NULL,yes,0,0,NULL,NULL,NULL
412,3,3,40,128,47,Yes,No,NULL,quest2,"Combo Box",NULL,"2019-09-02 08:35:19",NULL,NULL,yes,0,0,NULL,NULL,NULL
413,3,3,40,128,47,Yes,No,NULL,"Type Selection and Text","Selection and text",NULL,"2019-09-02 08:45:25",NULL,NULL,yes,0,0,NULL,NULL,NULL
414,3,3,40,128,47,Yes,No,NULL,Calendar,Calendar,NULL,"2019-09-02 08:45:56",NULL,NULL,yes,0,0,NULL,NULL,NULL
415,3,3,40,128,47,Yes,No,NULL,TextBox,"Text Box",NULL,"2019-09-02 08:46:37",NULL,NULL,yes,0,0,NULL,NULL,NULL
416,3,3,40,128,47,Yes,No,Yes,Attachment,Attachment,NULL,"2019-09-02 08:48:36",NULL,NULL,yes,0,0,NULL,NULL,NULL
417,3,3,40,128,47,Yes,No,Yes,MultiInput,"Multi Input",NULL,"2019-09-02 08:49:59",NULL,NULL,yes,0,0,NULL,NULL,NULL
418,3,3,40,128,47,Yes,No,Yes,"Type Selection and Text","Selection and text",NULL,"2019-09-02 11:08:50",NULL,NULL,yes,0,0,NULL,NULL,NULL
419,1,3,7,21,49,Yes,No,Yes,"Test 1","Text Box",NULL,"2019-09-09 12:54:11",NULL,NULL,yes,0,0,NULL,NULL,NULL
420,1,3,7,21,49,Yes,No,No,"TEST 2",1,NULL,"2019-09-09 12:55:53",NULL,NULL,yes,0,0,NULL,NULL,NULL
421,1,3,7,22,50,Yes,No,No,"TEST 2",1,NULL,"2019-09-09 12:58:09",NULL,NULL,yes,0,0,NULL,NULL,NULL
422,1,3,7,22,50,Yes,No,Yes,Calendar,1,NULL,"2019-09-09 13:04:07",NULL,NULL,yes,0,0,NULL,NULL,NULL
423,1,3,7,22,51,Yes,No,Yes,ada,1,NULL,"2019-09-09 13:37:49",NULL,NULL,yes,0,0,NULL,NULL,NULL
424,3,3,40,128,47,Yes,No,Yes,"TEST 2","Text Box",NULL,"2019-09-09 13:44:54",NULL,NULL,yes,0,0,NULL,NULL,NULL
425,3,3,40,128,47,Yes,No,Yes,one,"Combo Box",NULL,"2019-09-10 07:22:33",NULL,NULL,yes,0,0,NULL,NULL,NULL
426,3,3,40,128,52,Yes,No,NULL,dsd,1,NULL,"2019-09-10 07:53:47",NULL,NULL,yes,0,0,NULL,NULL,NULL
